Coin name,link
OpenANX,https://coinranking.com/coin/GPtUqoc-nl-aA+openanx-oax
TOMI,https://coinranking.com/coin/1AOhZH6Wr+tomi-tomi
DREP,https://coinranking.com/coin/Y6tLhd95EZQE+drep-drep
Mirror Finance,https://coinranking.com/coin/R1Buw5eu2+mirrorfinance-mir
REI Network,https://coinranking.com/coin/4vjXnsJWN+reinetwork-rei
Wrapped Ether,https://coinranking.com/coin/Mtfb0obXVh59u+wrappedether-weth
BitForex Token,https://coinranking.com/coin/2nh5ugplNocUp+bitforextoken-bf
Hifi Finance,https://coinranking.com/coin/eY5kANx7k+hififinance-hifi
Baby Doge Coin,https://coinranking.com/coin/JY1_q2c0g+babydogecoin-babydoge
REVV,https://coinranking.com/coin/OMVdNqHmh+revv-revv
BlockBank,https://coinranking.com/coin/OvXm3l5M7+blockbank-bbank
Origin protocol,https://coinranking.com/coin/IdrU0Gp2cK+originprotocol-ogn
Safemoon V2,https://coinranking.com/coin/ychMzX07D+safemoonv2-sfm
Lovely Inu,https://coinranking.com/coin/2_kBJoo_-+lovelyinu-lovely
Rainmaker Games,https://coinranking.com/coin/L7OX-iic0+rainmakergames-rain
Flamingo,https://coinranking.com/coin/lHw_McGnP+flamingo-flm
Seedify.fund,https://coinranking.com/coin/HJnwPbzqP7+seedifyfund-sfund
Tokenlon,https://coinranking.com/coin/pvpvPqRqL+tokenlon-lon
Dejitaru Tsuka,https://coinranking.com/coin/zE7dgBOcF+dejitarutsuka-tsuka
Perpetual Protocol,https://coinranking.com/coin/0GZ2qBGZF+perpetualprotocol-perp
Ampleforth Governance Token,https://coinranking.com/coin/7zzwdCwfm+ampleforthgovernancetoken-forth
Serum,https://coinranking.com/coin/gDTpVbAhv+serum-srm
Uquid Coin,https://coinranking.com/coin/fMNxR6LqdnRZp+uquidcoin-uqc
FTX Token,https://coinranking.com/coin/NfeOYfNcl+ftxtoken-ftt
pSTAKE Finance,https://coinranking.com/coin/5LUuh9pOu+pstakefinance-pstake
Ellipsis,https://coinranking.com/coin/AjWfgDP8+ellipsis-epx
Ooki Protocol,https://coinranking.com/coin/j_zgm6Fzd+ookiprotocol-ooki
Juventus Fan Token,https://coinranking.com/coin/UarBPbycz+juventusfantoken-juv
Crust Network,https://coinranking.com/coin/DscaCqJl7+crustnetwork-cru
Troy,https://coinranking.com/coin/JdGL83Vu+troy-troy
Akropolis,https://coinranking.com/coin/shjxZ0hQM+akropolis-akro
Gods Unchained,https://coinranking.com/coin/DbmYlAsxj+godsunchained-gods
Choise.com,https://coinranking.com/coin/vKolHD084+choisecom-cho
Kaspa,https://coinranking.com/coin/V8GxkwWow+kaspa-kas
FIO Protocol,https://coinranking.com/coin/sdxCUpYxe+fioprotocol-fio
Findora,https://coinranking.com/coin/SYtg0KAoQ+findora-fra
UMA,https://coinranking.com/coin/6Cnl5FOCZ+uma-uma
Prometeus,https://coinranking.com/coin/-HYrdBaCAa3mC+prometeus-prom
Telos,https://coinranking.com/coin/5TDMcKcKHjmg+telos-tlos
VNDC,https://coinranking.com/coin/hWZNRGm8+vndc-vndc
Tokocrypto,https://coinranking.com/coin/fjw3DeMxg+tokocrypto-tko
aelf,https://coinranking.com/coin/MvVrm09NjVxNR+aelf-elf
Tornado Cash,https://coinranking.com/coin/1rqrL4Dlo+tornadocash-torn
Siacoin,https://coinranking.com/coin/y9op7QPvbLERt+siacoin-sc
WHALE,https://coinranking.com/coin/qLybsCm3y+whale-whale
Adventure Gold,https://coinranking.com/coin/SoZYFQ6gj+adventuregold-agld
Ambire AdEx,https://coinranking.com/coin/kQtHWeGYp+ambireadex-adx
BeNFT AI,https://coinranking.com/coin/S3dGnLfbJ+benftai-beai
Nano,https://coinranking.com/coin/JIzIQBmw7+nano-xno
Ethernity Chain,https://coinranking.com/coin/Jjp7zDT2s+ethernitychain-ern
